{
  "Total" : {
    "transaction" : "Total",
    "sampleCount" : 1000,
    "errorCount" : 0,
    "errorPct" : 0.0,
    "meanResTime" : 192.414,
    "medianResTime" : 99.0,
    "minResTime" : 44.0,
    "maxResTime" : 8140.0,
    "pct1ResTime" : 114.0,
    "pct2ResTime" : 316.3499999999991,
    "pct3ResTime" : 3229.9,
    "throughput" : 35.79738679076427,
    "receivedKBytesPerSec" : 5.138882674064794,
    "sentKBytesPerSec" : 4.055172722391266
  },
  "HTTP Request" : {
    "transaction" : "HTTP Request",
    "sampleCount" : 1000,
    "errorCount" : 0,
    "errorPct" : 0.0,
    "meanResTime" : 192.414,
    "medianResTime" : 99.0,
    "minResTime" : 44.0,
    "maxResTime" : 8140.0,
    "pct1ResTime" : 114.0,
    "pct2ResTime" : 316.3499999999991,
    "pct3ResTime" : 3229.9,
    "throughput" : 35.79738679076427,
    "receivedKBytesPerSec" : 5.138882674064794,
    "sentKBytesPerSec" : 4.055172722391266
  }
}