{
  "Total" : {
    "transaction" : "Total",
    "sampleCount" : 1000,
    "errorCount" : 0,
    "errorPct" : 0.0,
    "meanResTime" : 1850.9229999999993,
    "medianResTime" : 104.0,
    "minResTime" : 45.0,
    "maxResTime" : 46178.0,
    "pct1ResTime" : 3488.299999999999,
    "pct2ResTime" : 8036.499999999998,
    "pct3ResTime" : 32448.9,
    "throughput" : 21.002667338752023,
    "receivedKBytesPerSec" : 3.015031346481003,
    "sentKBytesPerSec" : 2.3792084094680024
  },
  "HTTP Request" : {
    "transaction" : "HTTP Request",
    "sampleCount" : 1000,
    "errorCount" : 0,
    "errorPct" : 0.0,
    "meanResTime" : 1850.9229999999993,
    "medianResTime" : 104.0,
    "minResTime" : 45.0,
    "maxResTime" : 46178.0,
    "pct1ResTime" : 3488.299999999999,
    "pct2ResTime" : 8036.499999999998,
    "pct3ResTime" : 32448.9,
    "throughput" : 21.002667338752023,
    "receivedKBytesPerSec" : 3.015031346481003,
    "sentKBytesPerSec" : 2.3792084094680024
  }
}