{
  "Total" : {
    "transaction" : "Total",
    "sampleCount" : 1000,
    "errorCount" : 334,
    "errorPct" : 33.4,
    "meanResTime" : 55354.50999999997,
    "medianResTime" : 19856.0,
    "minResTime" : 2449.0,
    "maxResTime" : 217650.0,
    "pct1ResTime" : 133206.5,
    "pct2ResTime" : 133564.55,
    "pct3ResTime" : 134779.84,
    "throughput" : 0.7527853056308341,
    "receivedKBytesPerSec" : 0.8481155666591388,
    "sentKBytesPerSec" : 0.05679412262872628
  },
  "HTTP Request" : {
    "transaction" : "HTTP Request",
    "sampleCount" : 1000,
    "errorCount" : 334,
    "errorPct" : 33.4,
    "meanResTime" : 55354.50999999997,
    "medianResTime" : 19856.0,
    "minResTime" : 2449.0,
    "maxResTime" : 217650.0,
    "pct1ResTime" : 133206.5,
    "pct2ResTime" : 133564.55,
    "pct3ResTime" : 134779.84,
    "throughput" : 0.7527853056308341,
    "receivedKBytesPerSec" : 0.8481155666591388,
    "sentKBytesPerSec" : 0.05679412262872628
  }
}