{
  "Total" : {
    "transaction" : "Total",
    "sampleCount" : 1000,
    "errorCount" : 5,
    "errorPct" : 0.5,
    "meanResTime" : 5247.682000000001,
    "medianResTime" : 3370.0,
    "minResTime" : 1157.0,
    "maxResTime" : 134056.0,
    "pct1ResTime" : 6610.499999999998,
    "pct2ResTime" : 10613.299999999997,
    "pct3ResTime" : 36711.75,
    "throughput" : 1.543493326706602,
    "receivedKBytesPerSec" : 0.24429097994076074,
    "sentKBytesPerSec" : 0.17397460914890236
  },
  "HTTP Request" : {
    "transaction" : "HTTP Request",
    "sampleCount" : 1000,
    "errorCount" : 5,
    "errorPct" : 0.5,
    "meanResTime" : 5247.682000000001,
    "medianResTime" : 3370.0,
    "minResTime" : 1157.0,
    "maxResTime" : 134056.0,
    "pct1ResTime" : 6610.499999999998,
    "pct2ResTime" : 10613.299999999997,
    "pct3ResTime" : 36711.75,
    "throughput" : 1.543493326706602,
    "receivedKBytesPerSec" : 0.24429097994076074,
    "sentKBytesPerSec" : 0.17397460914890236
  }
}